{
  "generatedAt": "2026-07-12T21:16:25",
  "generatedAtDatenum": 740175.88640509255,
  "generatorVersion": 2,
  "libraries": [
    "scuba_lib"
  ],
  "blockCount": 16,
  "categoryCount": 3,
  "blockPageCount": 16,
  "libraryFingerprints": {
    "scuba_lib": {
      "cacheTimestamp": 740175.88638888893,
      "blockCount": 16
    }
  },
  "policyTimestamp": 740175.72121527779,
  "configTimestamp": 740175.72121527779
}