{
  "generatedAt": "2026-07-08T18:33:07",
  "generatedAtDatenum": 740171.77299872681,
  "generatorVersion": 2,
  "libraries": [
    "scuba_lib"
  ],
  "blockCount": 16,
  "categoryCount": 3,
  "blockPageCount": 16,
  "libraryFingerprints": {
    "scuba_lib": {
      "cacheTimestamp": 740171.77298611111,
      "blockCount": 16
    }
  },
  "policyTimestamp": 740165.5186111111,
  "configTimestamp": 740165.51944444445
}